<!-- <?xml version="1.0" encoding="utf-8"?> -->
<odoo>
    <data>

        <!-- Komersial Group -->
        <record model="ir.module.category" id="module_komersial">
             <field name="name">Komersial</field>
             <field name="description">User access for Komersial module</field>
             <field name="sequence">20</field>
        </record>

        <record id ="staff_komersial" model="res.groups">
            <field name="name">Staff Komersial</field>
            <field name="category_id" ref="module_komersial"/>
        </record>

        <record id ="svp_komersial" model="res.groups">
            <field name="name">SVP/Manager</field>
            <field name="category_id" ref="module_komersial"/>
        </record>

        <record id ="cust_komersial" model="res.groups">
            <field name="name">User/Customer</field>
            <field name="category_id" ref="module_komersial"/>
        </record>


        <!-- Maintenance Group -->
        <record model="ir.module.category" id="module_maintenance">
             <field name="name">Maintenance</field>
             <field name="description">User access for Maintenance module</field>
             <field name="sequence">19</field>
        </record>

        <record id ="staff_maintenance" model="res.groups">
            <field name="name">Staff/Teknisi</field>
            <field name="category_id" ref="module_maintenance"/>
        </record>

        <record id ="svp_maintenance" model="res.groups">
            <field name="name">SVP</field>
            <field name="category_id" ref="module_maintenance"/>
        </record>

        <record id ="site_manager_maintenance" model="res.groups">
            <field name="name">Site Manager</field>
            <field name="category_id" ref="module_maintenance"/>
        </record>




    </data> 
</odoo>


