id,name,model_id:id,group_id:id,perm_read,perm_write,perm_create,perm_unlink
access_cust_type,cust.type,model_cust_type,admin_komersial,1,1,1,1
access_stn_durasi,stn.durasi,model_stn_durasi,admin_komersial,1,1,1,1
access_cust_cust,cust.cust,model_cust_cust,admin_komersial,1,1,1,1
access_lok_doc,lok.doc,model_lok_doc,admin_komersial,1,1,1,1
access_jenis_dok,jenis.dok,model_jenis_dok,admin_komersial,1,1,1,1
access_status_opp,status.opp,model_status_opp,admin_komersial,1,1,1,1
access_priority_priority,priority.priority,model_priority_priority,admin_komersial,1,1,1,1
access_status_peng,status.peng,model_status_peng,admin_komersial,1,1,1,1
access_opp_opp,opp.opp,model_opp_opp,admin_komersial,1,1,1,1
access_file_upload,file.upload,model_file_upload,admin_komersial,1,1,1,1
access_metode_metode,metode.metode,model_metode_metode,admin_komersial,1,1,1,1
access_p_fileupload,p.fileupload,model_p_fileupload,admin_komersial,1,1,1,1

access_cust_type_manager_komersial,cust.type,model_cust_type,manager_komersial,1,0,0,0
access_stn_durasi_manager_komersial,stn.durasi,model_stn_durasi,manager_komersial,1,0,0,0
access_cust_cust_manager_komersial,cust.cust,model_cust_cust,manager_komersial,1,0,0,0
access_lok_doc_manager_komersial,lok.doc,model_lok_doc,manager_komersial,1,0,0,0
access_jenis_dok_manager_komersial,jenis.dok,model_jenis_dok,manager_komersial,1,0,0,0
access_status_opp_manager_komersial,status.opp,model_status_opp,manager_komersial,1,0,0,0
access_priority_priority_manager_komersial,priority.priority,model_priority_priority,manager_komersial,1,0,0,0
access_status_peng_manager_komersial,status.peng,model_status_peng,manager_komersial,1,0,0,0
access_opp_opp_manager_komersial,opp.opp,model_opp_opp,manager_komersial,1,0,0,0
access_file_upload_manager_komersial,file.upload,model_file_upload,manager_komersial,1,0,0,0
access_metode_metode_manager_komersial,metode.metode,model_metode_metode,manager_komersial,1,0,0,0
access_p_fileupload_manager_komersial,p.fileupload,model_p_fileupload,manager_komersial,1,0,0,0

access_cust_type_manager_pengadaan,cust.type,model_cust_type,manager_pengadaan,1,0,0,0
access_stn_durasi_manager_pengadaan,stn.durasi,model_stn_durasi,manager_pengadaan,1,0,0,0
access_cust_cust_manager_pengadaan,cust.cust,model_cust_cust,manager_pengadaan,1,0,0,0
access_lok_doc_manager_pengadaan,lok.doc,model_lok_doc,manager_pengadaan,1,0,0,0
access_jenis_dok_manager_pengadaan,jenis.dok,model_jenis_dok,manager_pengadaan,1,0,0,0
access_status_opp_manager_pengadaan,status.opp,model_status_opp,manager_pengadaan,1,0,0,0
access_priority_priority_manager_pengadaan,priority.priority,model_priority_priority,manager_pengadaan,1,0,0,0
access_status_peng_manager_pengadaan,status.peng,model_status_peng,manager_pengadaan,1,0,0,0
access_opp_opp_manager_pengadaan,opp.opp,model_opp_opp,manager_pengadaan,1,0,0,0
access_file_upload_manager_pengadaan,file.upload,model_file_upload,manager_pengadaan,1,0,0,0
access_metode_metode_manager_pengadaan,metode.metode,model_metode_metode,manager_pengadaan,1,0,0,0
access_p_fileupload_manager_pengadaan,p.fileupload,model_p_fileupload,manager_pengadaan,1,0,0,0

access_cust_type_manager_produksi,cust.type,model_cust_type,manager_produksi,1,0,0,0
access_stn_durasi_manager_produksi,stn.durasi,model_stn_durasi,manager_produksi,1,0,0,0
access_cust_cust_manager_produksi,cust.cust,model_cust_cust,manager_produksi,1,0,0,0
access_lok_doc_manager_produksi,lok.doc,model_lok_doc,manager_produksi,1,0,0,0
access_jenis_dok_manager_produksi,jenis.dok,model_jenis_dok,manager_produksi,1,0,0,0
access_status_opp_manager_produksi,status.opp,model_status_opp,manager_produksi,1,0,0,0
access_priority_priority_manager_produksi,priority.priority,model_priority_priority,manager_produksi,1,0,0,0
access_status_peng_manager_produksi,status.peng,model_status_peng,manager_produksi,1,0,0,0
access_opp_opp_manager_produksi,opp.opp,model_opp_opp,manager_produksi,1,0,0,0
access_file_upload_manager_produksi,file.upload,model_file_upload,manager_produksi,1,0,0,0
access_metode_metode_manager_produksi,metode.metode,model_metode_metode,manager_produksi,1,0,0,0
access_p_fileupload_manager_produksi,p.fileupload,model_p_fileupload,manager_produksi,1,0,0,0

access_cust_type_staff_komersial,cust.type,model_cust_type,staff_komersial,1,1,0,0
access_stn_durasi_staff_komersial,stn.durasi,model_stn_durasi,staff_komersial,1,1,0,0
access_cust_cust_staff_komersial,cust.cust,model_cust_cust,staff_komersial,1,1,0,0
access_lok_doc_staff_komersial,lok.doc,model_lok_doc,staff_komersial,1,1,0,0
access_jenis_dok_staff_komersial,jenis.dok,model_jenis_dok,staff_komersial,1,1,0,0
access_status_opp_staff_komersial,status.opp,model_status_opp,staff_komersial,1,1,0,0
access_priority_priority_staff_komersial,priority.priority,model_priority_priority,staff_komersial,1,1,0,0
access_status_peng_staff_komersial,status.peng,model_status_peng,staff_komersial,1,1,0,0
access_opp_opp_staff_komersial,opp.opp,model_opp_opp,staff_komersial,1,1,1,0
access_file_upload_staff_komersial,file.upload,model_file_upload,staff_komersial,1,1,1,0
access_metode_metode_staff_komersial,metode.metode,model_metode_metode,staff_komersial,1,1,0,0
access_p_fileupload_staff_komersial,p.fileupload,model_p_fileupload,staff_komersial,1,1,0,0

access_cust_type_staff_pengadaan,cust.type,model_cust_type,staff_pengadaan,1,1,0,0
access_stn_durasi_staff_pengadaan,stn.durasi,model_stn_durasi,staff_pengadaan,1,1,0,0
access_cust_cust_staff_pengadaan,cust.cust,model_cust_cust,staff_pengadaan,1,1,0,0
access_lok_doc_staff_pengadaan,lok.doc,model_lok_doc,staff_pengadaan,1,1,0,0
access_jenis_dok_staff_pengadaan,jenis.dok,model_jenis_dok,staff_pengadaan,1,1,0,0
access_status_opp_staff_pengadaan,status.opp,model_status_opp,staff_pengadaan,1,1,0,0
access_priority_priority_staff_pengadaan,priority.priority,model_priority_priority,staff_pengadaan,1,1,0,0
access_status_peng_staff_pengadaan,status.peng,model_status_peng,staff_pengadaan,1,1,0,0
access_opp_opp_staff_pengadaan,opp.opp,model_opp_opp,staff_pengadaan,1,1,1,0
access_file_upload_staff_pengadaan,file.upload,model_file_upload,staff_pengadaan,1,1,1,0
access_metode_metode_staff_pengadaan,metode.metode,model_metode_metode,staff_pengadaan,1,1,0,0
access_p_fileupload_staff_pengadaan,p.fileupload,model_p_fileupload,staff_pengadaan,1,1,1,0