<!-- <?xml version="1.0" encoding="utf-8"?> -->
<odoo>
    <data>

        <!-- Komersial Group -->
        <record model="ir.module.category" id="module_komersial">
             <field name="name">Komersial</field>
             <field name="description">User access for Komersial module</field>
             <field name="sequence">20</field>
        </record>

        <record id ="admin_komersial" model="res.groups">
            <field name="name">Admin Komersial</field>
            <field name="category_id" ref="module_komersial"/>
        </record>

        <record id ="staff_komersial" model="res.groups">
            <field name="name">Staff Komersial</field>
            <field name="category_id" ref="module_komersial"/>
        </record>

        <record id ="manager_komersial" model="res.groups">
            <field name="name">Manager Komersial</field>
            <field name="category_id" ref="module_komersial"/>
        </record>

        <!-- <record id ="staff_produksi" model="res.groups">
            <field name="name">Staff Produksi</field>
            <field name="category_id" ref="module_komersial"/>
        </record> -->

        <record id ="manager_produksi" model="res.groups">
            <field name="name">Direksi/Manager Produksi/Staff Produksi</field>
            <field name="category_id" ref="module_komersial"/>
        </record>

        <record id ="staff_pengadaan" model="res.groups">
            <field name="name">Staff Pengadaan</field>
            <field name="category_id" ref="module_komersial"/>
        </record>

        <record id ="manager_pengadaan" model="res.groups">
            <field name="name">Manager Pengadaan</field>
            <field name="category_id" ref="module_komersial"/>
        </record>

    </data> 
</odoo>


